id,prob
E10559,0.5418506
E4849,0.65517765
E3964,0.8072251
E542,0.7874425
E331,0.79048675
E10471,0.8205415
E9186,0.3224116
E5576,0.30650577
E9705,0.6977095
E7309,0.6387699
E476,0.84432364
E5217,0.41223013
E7653,0.529213
E1530,0.68145096
E10379,0.83140326
E1516,0.65895927
E9418,0.91448444
E9388,0.42480767
E10737,0.72382003
E5290,0.85674757
E6010,0.5628379
E4307,0.41091082
E4548,0.43380344
E3030,0.471208
E68,0.86469585
E5739,0.89042
E2394,0.5478389
E3629,0.82378244
E8652,0.9283827
E5779,0.5950761
E10269,0.86674994
E7456,0.60361207
E9199,0.36686656
E1606,0.8893014
E9077,0.8919487
E9576,0.35859844
E2810,0.8671331
E1091,0.96476716
E2755,0.38789222
E1405,0.39935994
E2213,0.50574356
E1321,0.42838335
E10797,0.6082497
E7340,0.6059409
E9659,0.79724765
E1678,0.89298934
E9591,0.26174527
E6377,0.951054
E10130,0.9000042
E5582,0.4212659
E9510,0.28030834
E4237,0.5447804
E10470,0.6038828
E7528,0.8811418
E2567,0.7139078
E6083,0.3734142
E6735,0.8514866
E6800,0.7464598
E2293,0.42525578
E1633,0.54391927
E10659,0.93989545
E543,0.31856677
E7177,0.5340293
E4126,0.4301353
E2850,0.46770927
E2078,0.5065155
E5746,0.88094974
E2445,0.78247356
E2958,0.41146675
E3497,0.9190164
E5069,0.9089589
E8995,0.6888762
E8220,0.95308805
E4354,0.8042503
E7578,0.3495019
E2122,0.8742979
E6661,0.5346028
E2582,0.44494534
E1836,0.6079154
E7881,0.68074816
E6685,0.5311875
E113,0.3552669
E1161,0.5404506
E8062,0.56813055
E5637,0.28937677
E4470,0.8916565
E6905,0.65046304
E7553,0.5870394
E7773,0.2543929
E1991,0.90227175
E3997,0.8222405
E5326,0.42393216
E3076,0.85040295
E2018,0.49842018
E594,0.44032052
E2971,0.20486672
E6692,0.8675778
E3383,0.9223869
E8755,0.6691574
E1494,0.9001213
E7725,0.61205375
E8265,0.5838811
E8021,0.48142636
E7110,0.66381913
E8495,0.98044854
E6551,0.39873365
E10716,0.4659684
E9434,0.3687762
E2128,0.8988384
E8123,0.40485868
E1658,0.9311515
E7504,0.38064766
E8552,0.39077705
E798,0.9198972
E5976,0.66633505
E6501,0.35256574
E8648,0.6941934
E7213,0.6525926
E6667,0.4151905
E6701,0.23363733
E4011,0.8543247
E6880,0.32579312
E2679,0.6213631
E10280,0.4487917
E6213,0.9539258
E7717,0.85639167
E5342,0.66111755
E3783,0.99822277
E4763,0.3717394
E8563,0.6996292
E8256,0.799663
E7562,0.47372684
E8807,0.9714623
E1160,0.805885
E6757,0.53407764
E4130,0.5394542
E10778,0.33106747
E6789,0.6209419
E1448,0.40272608
E1869,0.7349478
E10537,0.49447155
E8348,0.54075646
E5158,0.35017812
E5939,0.8564327
E10623,0.44927588
E4941,0.40178144
E9068,0.73632723
E9894,0.52834934
E1121,0.9274436
E5634,0.9308957
E3890,0.91334945
E10467,0.4559827
E3728,0.71212244
E3943,0.82705975
E6303,0.6690676
E9052,0.8394149
E533,0.91900927
E132,0.4300503
E1580,0.70651853
E4034,0.5568927
E9422,0.85898125
E2575,0.9344735
E1043,0.65467167
E8480,0.40679422
E10111,0.43591827
E330,0.40029436
E7838,0.72961473
E9529,0.4182044
E5397,0.5059966
E6862,0.7765954
E3740,0.80968195
E118,0.47217935
E8133,0.41127416
E8441,0.7661831
E4814,0.5815413
E5592,0.71477014
E4117,0.57302517
E7793,0.7905074
E2368,0.41801476
E9954,0.5363331
E10307,0.6957444
E7729,0.8939304
E1123,0.7522712
E5155,0.77578187
E5224,0.5331747
E2789,0.4048167
E8483,0.3278943
E10552,0.48101085
E8884,0.8188041
E10377,0.31992048
E10193,0.5875509
E5811,0.5575103
E8541,0.6710358
E486,0.9631909
E8888,0.8891415
E6532,0.9722376
E4165,0.9536183
E3160,0.96692556
E982,0.7890851
E5505,0.8074374
E741,0.6265747
E8115,0.7925708
E7410,0.29098597
E687,0.408637
E10385,0.60285836
E3446,0.48320267
E1295,0.84437764
E10695,0.4213781
E4417,0.43240407
E5099,0.75615454
E8638,0.4075176
E8886,0.8422417
E398,0.88832974
E7150,0.60705286
E7724,0.46135712
E2655,0.52866393
E9266,0.92640805
E7954,0.40262073
E3814,0.69459265
E2045,0.40620416
E1948,0.6899705
E637,0.62213284
E4060,0.5070389
E2249,0.9555243
E4486,0.39505616
E7770,0.7503171
E6717,0.4838559
E10268,0.4013468
E2382,0.40893483
E4614,0.67519766
E4396,0.8176416
E9562,0.6805218
E7088,0.88984734
E1890,0.9713643
E1764,0.59183204
E9819,0.91535044
E4640,0.9007073
E8385,0.77583796
E2514,0.67234606
E8377,0.52845407
E3496,0.7399293
E1432,0.40242434
E8278,0.38031167
E8219,0.4233817
E380,0.8480824
E416,0.59629947
E7152,0.42597187
E1463,0.8174116
E7247,0.87735605
E3418,0.92238164
E8092,0.74522346
E4181,0.2945771
E10669,0.4802276
E6786,0.9348852
E3287,0.58803344
E8885,0.53385866
E7338,0.3693974
E4890,0.8561254
E8264,0.66195655
E5638,0.47672155
E5846,0.37486562
E1646,0.5683274
E8763,0.4139141
E3816,0.9321083
E6732,0.5561894
E1303,0.6026424
E9350,0.3379587
E10419,0.9700763
E4563,0.5591841
E647,0.7487134
E344,0.3214904
E9536,0.85433453
E2617,0.6834093
E10825,0.23619072
E1078,0.9754225
E6851,0.8225341
E8879,0.6208865
E6705,0.3522782
E4207,0.72256035
E4483,0.38066843
E9584,0.34175825
E9846,0.7910615
E9459,0.8075401
E1668,0.56033635
E4090,0.36953998
E6989,0.80861914
E564,0.5212548
E9169,0.62432015
E5313,0.9425791
E2354,0.71428895
E5456,0.36097008
E3361,0.3905949
E9856,0.69055456
E6670,0.70863754
E4170,0.78710866
E7122,0.87379223
E3031,0.42421272
E6175,0.88505006
E4828,0.9087215
E817,0.93233764
E7319,0.9450749
E9935,0.8909166
E4198,0.37640417
E5379,0.2519785
E9930,0.49104097
E3910,0.5899138
E9816,0.37878975
E6957,0.53907394
E10243,0.6829642
E4518,0.68852973
E9633,0.751886
E3538,0.9031094
E2286,0.6253614
E402,0.85095894
E5129,0.9634777
E4101,0.45466158
E3255,0.52621484
E5177,0.98353636
E10847,0.82471627
E2008,0.9141856
E3681,0.85575527
E3359,0.85884917
E3636,0.7604962
E2480,0.3360482
E8321,0.43260673
E1642,0.45947614
E8054,0.4906224
E5026,0.73877186
E1942,0.9673039
E9332,0.7591543
E5820,0.9926415
E112,0.9988269
E7151,0.5072787
E7897,0.64644206
E4685,0.6414627
E7427,0.9276379
E5077,0.3791811
E9841,0.48260087
E5903,0.4224254
E6297,0.827375
E8018,0.7357983
E5032,0.6833949
E9927,0.675075
E5135,0.4554936
E7852,0.6830726
E231,0.43393314
E3393,0.8015359
E3017,0.45999223
E9673,0.520967
E1172,0.8378465
E6126,0.913222
E1470,0.8970973
E8896,0.7261135
E3161,0.8211049
E3472,0.74910766
E2167,0.7750634
E2636,0.46550697
E8149,0.7811753
E9090,0.70378286
E6847,0.86593175
E2786,0.9504902
E9972,0.9250569
E10107,0.9563427
E3113,0.37691283
E6044,0.67595696
E6075,0.53474444
E5686,0.7883609
E576,0.9135886
E8605,0.40553182
E9563,0.73460454
E8551,0.5637784
E1959,0.6312881
E379,0.9655209
E215,0.52510566
E2899,0.30865777
E5092,0.53911066
E8581,0.7535536
E407,0.78887695
E5325,0.70499045
E8198,0.87019396
E10722,0.52870315
E7543,0.5743135
E5393,0.6285042
E10077,0.5048757
E7679,0.33949423
E10621,0.38921303
E9672,0.9181646
E4168,0.8719463
E1340,0.5645792
E5498,0.33231503
E4826,0.32161227
E3632,0.37158325
E9797,0.9469282
E9581,0.74302393
E7235,0.418505
E8968,0.9523736
E8842,0.82680285
E4905,0.39165288
E6544,0.837998
E6785,0.5045958
E10443,0.4624546
E5131,0.8601488
E7879,0.8843749
E226,0.82500917
E2087,0.8197481
E8023,0.43700808
E6833,0.9087507
E10586,0.5684052
E5192,0.8008557
E1223,0.49845612
E10350,0.5323063
E6395,0.7094173
E8309,0.678138
E9958,0.87680215
E8486,0.87931806
E8378,0.54791206
E4988,0.9783045
E9014,0.9802555
E3392,0.44376805
E8493,0.6956606
E5838,0.8255537
E9295,0.6609855
E5932,0.9916747
E176,0.76567805
E1795,0.3816794
E6864,0.88586396
E1578,0.8782933
E8815,0.9308061
E1280,0.58182466
E8566,0.3004207
E78,0.42281294
E6884,0.3518225
E2651,0.47300482
E6771,0.71327335
E1053,0.3870905
E7258,0.9169927
E7447,0.38207304
E8518,0.836769
E3787,0.5310341
E10426,0.8324405
E6454,0.68444496
E1420,0.7589474
E7043,0.45905292
E8085,0.4594375
E4512,0.5202608
E3692,0.44925475
E185,0.5641621
E8415,0.33253166
E7100,0.62378734
E7943,0.517954
E2820,0.6651622
E1479,0.96317744
E10025,0.46550032
E1439,0.5632153
E7166,0.710755
E3685,0.6663955
E6442,0.37188205
E5688,0.57149446
E5565,0.48082876
E2486,0.5893911
E10689,0.92807055
E10331,0.70116365
E1785,0.94386256
E50,0.94502425
E2609,0.76215905
E7228,0.78157246
E1055,0.45205054
E4306,0.7385722
E9291,0.9298889
E317,0.8455065
E5867,0.8371941
E874,0.9231407
E7027,0.86682385
E8992,0.4587131
E6380,0.86023295
E9269,0.8381572
E501,0.4003899
E971,0.8945387
E6588,0.51338863
E6545,0.08818389
E10626,0.47895786
E3134,0.79679847
E4650,0.3054185
E3992,0.6553754
E4522,0.4855059
E512,0.48901343
E2459,0.86744386
E349,0.32293966
E2547,0.2599672
E8112,0.87630004
E493,0.77699244
E10769,0.3250075
E10300,0.7863784
E9007,0.84433556
E281,0.5061909
E6489,0.7504835
E5485,0.41575783
E4173,0.9009284
E1566,0.6182318
E10407,0.78160495
E560,0.482862
E2932,0.30847734
E8166,0.98515946
E7355,0.44429788
E705,0.5031674
E6017,0.8192973
E3186,0.503353
E2921,0.6036204
E7386,0.8570103
E7926,0.8030938
E76,0.618877
E6718,0.93804425
E7072,0.7994968
E7860,0.51719564
E5785,0.55493116
E4745,0.732304
E3061,0.85416114
E1217,0.83978313
E3719,0.4417446
E436,0.6155245
E7429,0.60134304
E844,0.54485065
E6919,0.863485
E9385,0.9222051
E9141,0.422924
E10500,0.8481835
E3919,0.67825395
E3861,0.9005469
E10488,0.31003022
E3748,0.42242387
E9168,0.82630605
E9853,0.99263203
E7503,0.6251061
E7671,0.69247395
E1069,0.6320323
E8950,0.6378269
E2709,0.7299906
E5402,0.80861914
E961,0.7092075
E723,0.91984993
E7686,0.6475545
E5594,0.7724804
E5018,0.8117043
E7974,0.9777893
E3665,0.34906527
E9977,0.6333273
E2396,0.44226488
E6976,0.8323796
E10286,0.44274828
E7669,0.37566802
E5049,0.761867
E6433,0.97428405
E4205,0.8048314
E7314,0.79163814
E7596,0.7835863
E1907,0.9822264
E6255,0.5868955
E125,0.8450679
E7996,0.72475016
E8545,0.7930025
E2466,0.6436877
E9985,0.7385166
E4184,0.43149948
E2551,0.90446126
E10783,0.6423414
E1122,0.4623924
E7581,0.65135896
E972,0.9136119
E2744,0.5463127
E3549,0.76449347
E8699,0.5195758
E5723,0.93175036
E5106,0.80829674
E3154,0.94500667
E122,0.81962425
E1179,0.90621537
E4627,0.8499831
E864,0.7972675
E9915,0.84275603
E9479,0.49134767
E5827,0.8854323
E3746,0.46255004
E8505,0.7811789
E9560,0.69955885
E4221,0.6573617
E569,0.87682486
E9886,0.72105163
E5270,0.7756249
E6899,0.8715842
E10337,0.25260684
E8391,0.78213745
E1960,0.33355728
E8356,0.79586416
E2435,0.44640416
E3067,0.9371981
E1286,0.6730728
E6056,0.7382239
E4767,0.4684089
E589,0.7767059
E10478,0.9348852
E9487,0.5436375
E8026,0.85519683
E7536,0.51549494
E1127,0.24682824
E7741,0.9547752
E1401,0.87541527
E4975,0.47592324
E1614,0.92664135
E10403,0.47931442
E6443,0.34529668
E5679,0.9331166
E5743,0.41216716
E809,0.60221195
E10461,0.60653394
E7124,0.5404335
E156,0.46508747
E4247,0.83371437
E2889,0.97339964
E7965,0.8146106
E9311,0.96835953
E5717,0.39370754
E7171,0.88416994
E7630,0.80439353
E1369,0.4758061
E2603,0.9126623
E4775,0.619132
E3489,0.5205472
E6138,0.9576019
E8409,0.39519164
E7256,0.7432928
E4055,0.873119
E9425,0.43657988
E1320,0.6730091
E9609,0.42226675
E829,0.89429396
E57,0.9316864
E5385,0.7195554
E10104,0.8509826
E1299,0.34637934
E7106,0.58862144
E3923,0.7982967
E374,0.3774111
E5351,0.37560096
E5953,0.97666305
E1129,0.93253297
E3694,0.6679369
E5987,0.62900805
E6232,0.7566727
E2475,0.43686834
E9120,0.36080346
E4653,0.27793512
E7923,0.61261487
E9814,0.4792499
E1669,0.76669025
E3294,0.5573927
E5832,0.68911874
E6394,0.9757991
E8637,0.7734095
E9402,0.87944967
E2660,0.78658634
E9998,0.7230973
E2520,0.3474568
E3897,0.72282225
E1574,0.45166433
E3523,0.9229851
E9715,0.73397475
E2431,0.49554983
E651,0.69330394
E8943,0.64309746
E3853,0.57555985
E7459,0.9866128
E7532,0.7258615
E7275,0.85179645
E2377,0.9863149
E5369,0.40592602
E9163,0.4309443
E1562,0.2546059
E9796,0.59265345
E4691,0.51697755
E9478,0.30589604
E1408,0.34177995
E8870,0.30118173
E8559,0.5733939
E5853,0.38549322
E10828,0.5028842
E10092,0.86357564
E2989,0.53791136
E556,0.86447877
E9231,0.7680841
E10554,0.74442655
E5309,0.8294969
E5033,0.8310276
E314,0.53851205
E387,0.5070063
E2170,0.92207474
E3675,0.92165154
E4528,0.46428877
E10641,0.7306169
E5590,0.83815145
E2308,0.7643497
E6285,0.904191
E1548,0.8716074
E9612,0.73324674
E10360,0.50888026
E10723,0.34236383
E10256,0.35281017
E52,0.91846436
E4542,0.9632572
E7102,0.43881992
E7129,0.8703793
E3280,0.84374386
E6713,0.92282456
E9602,0.4710053
E3670,0.89042
E7733,0.70388883
E5695,0.8656643
E2107,0.8666112
E8785,0.9887838
E4225,0.47586736
E10177,0.7264787
E7267,0.604805
E10589,0.6576453
E1741,0.71267825
E10632,0.8277702
E7955,0.8559075
E5978,0.33714372
E8824,0.7924084
E3245,0.6260947
E8040,0.31051126
E2417,0.638866
E334,0.45532948
E4568,0.43029165
E3502,0.35101265
E4861,0.6611396
E441,0.48216325
E6239,0.3069455
E3805,0.6219965
E6252,0.45754713
E7194,0.60167
E845,0.7047825
E6033,0.8009236
E1305,0.87920314
E3373,0.8780311
E3799,0.5346338
E8235,0.52952516
E8564,0.43243453
E376,0.43257746
E10830,0.39574242
E8070,0.90654075
E3133,0.5156141
E2813,0.9243578
E7622,0.88153505
E2048,0.9216153
E3299,0.9032263
E2029,0.33836323
E8182,0.10393756
E1403,0.5073551
E7420,0.8664762
E9279,0.72052264
E2320,0.40169337
E3382,0.5265144
E3128,0.5493474
E9520,0.9040553
E5297,0.7506457
E8554,0.8908207
E1638,0.7917165
E1304,0.7953266
E735,0.76667637
E7840,0.5440478
E236,0.31996676
E2697,0.741962
E9481,0.75662845
E10166,0.6067225
E95,0.84855574
E2278,0.6187233
E3304,0.5233981
E9222,0.7649169
E358,0.31990886
E3490,0.3365944
E9380,0.3646314
E823,0.89901054
E5138,0.4743137
E4223,0.4524352
E10462,0.48679414
E8792,0.6353447
E899,0.4549131
E893,0.5713328
E3045,0.68399006
E4490,0.49166712
E2147,0.8176249
E1428,0.86287665
E9959,0.9027996
E716,0.8996078
E5962,0.7808038
E8782,0.79978126
E2324,0.82793635
E6309,0.78939426
E2562,0.74563277
E5013,0.8512944
E6273,0.8772404
E1970,0.38638988
E5885,0.8063879
E171,0.7268246
E5845,0.79268235
E2092,0.99109614
E2316,0.3641728
E6766,0.40013677
E3438,0.7775637
E9567,0.39539593
E8707,0.61649734
E4437,0.6754717
E5765,0.67519766
E1185,0.3682729
E359,0.50278556
E7561,0.6586851
E7640,0.6956274
E3388,0.6467358
E877,0.95985526
E4143,0.22017488
E144,0.81062675
E9684,0.91874677
E9678,0.8761307
E7511,0.7613588
E9938,0.30282536
E10289,0.7876158
E4472,0.31643844
E1272,0.9223869
E3976,0.33885622
E10734,0.96051687
E2297,0.9795122
E2725,0.73241454
E17,0.4847042
E246,0.59991044
E9505,0.89040065
E1806,0.71935993
E2784,0.50641894
E4208,0.50285375
E857,0.61099184
E7109,0.7865662
E3903,0.35200262
E10057,0.46355847
E9867,0.7939325
E9486,0.9536448
E6700,0.7680067
E3548,0.4705389
E10581,0.81872845
E2254,0.87505955
E6981,0.4049337
E544,0.2448587
E3482,0.43475968
E7726,0.8602559
E157,0.8867701
E5979,0.46278083
E3120,0.7392806
E9777,0.9860097
E7763,0.85433275
E4882,0.3580433
E6144,0.43550333
E5894,0.5531287
E10490,0.690419
E4250,0.8970529
E1247,0.75973123
E10804,0.88672364
E3284,0.7170581
E2849,0.96556246
E9043,0.4466056
E4809,0.6404144
E2936,0.6011935
E9110,0.2668084
E3564,0.65734774
E5387,0.45710498
E1645,0.6919914
E8957,0.77744997
E3579,0.6148648
E539,0.3527912
E8447,0.65487224
E3730,0.9760768
E6821,0.8974771
E6249,0.7775358
E7415,0.28890732
E4047,0.6940863
E4070,0.57886565
E5392,0.46012586
E10061,0.36275044
E2893,0.73795575
E10673,0.95231956
E5674,0.44871718
E4713,0.33492798
E10335,0.32295796
E606,0.9329234
E743,0.9208153
E7828,0.78367513
E2915,0.83702064
E256,0.7758153
E473,0.6719398
E9218,0.6905293
E7550,0.5475809
E1571,0.6899424
E5980,0.5209452
E3020,0.77425396
E8048,0.9254314
E2504,0.68051463
E5703,0.7889598
E1955,0.91006047
E1862,0.84201586
E8649,0.92658025
E2772,0.8370307
E5050,0.71659815
E6115,0.5743181
E3889,0.8509832
E521,0.5620326
E4839,0.92962277
E8795,0.5863556
E4755,0.5967269
E404,0.94191307
E623,0.6583343
E8173,0.42280588
E6439,0.7446339
E1132,0.72537994
E1888,0.3475049
E264,0.9477593
E5682,0.9684613
E8288,0.5112624
E6758,0.8870966
E10676,0.59812945
E8017,0.8842571
E4344,0.591187
E10714,0.8700862
E417,0.35766974
E6694,0.60397893
E2716,0.4063837
E4032,0.3819633
E4279,0.89356434
E162,0.50585234
E5977,0.5641591
E3135,0.7772843
E1462,0.7034272
E5934,0.7253595
E999,0.40169355
E6097,0.26320505
E6053,0.74544775
E7481,0.6621621
E10433,0.29469487
E9053,0.3358344
E7277,0.9026121
E2288,0.9920736
E5870,0.43321344
E2152,0.92380595
E5974,0.51031613
E6206,0.62789845
E5088,0.8144452
E6955,0.5753431
E2523,0.7037468
E910,0.43059406
E5920,0.91872996
E7495,0.539058
E8911,0.45346493
E5804,0.53490067
E7677,0.8765652
E2677,0.839214
E1879,0.87591916
E3918,0.8479519
E9879,0.62760305
E423,0.84084654
E4431,0.6810493
E9348,0.8305871
E20,0.7189782
E535,0.53545845
E111,0.5381689
E10639,0.88546896
E8037,0.4689664
E7054,0.6430111
E6127,0.76091427
E9455,0.81816083
E3025,0.9684613
E1892,0.89331037
E3440,0.73467624
E802,0.4028002
E3327,0.5570676
E9579,0.38109955
E7147,0.46846068
E4176,0.45456845
E475,0.5908164
E9440,0.3909324
E4202,0.7614865
E8688,0.7391003
E4524,0.6234743
E10033,0.8075401
E1001,0.867484
E10518,0.6705844
E3471,0.67280984
E3547,0.6822097
E5756,0.37510815
E4094,0.81956726
E9503,0.49178737
E5334,0.8534971
E3734,0.7244173
E4660,0.82007766
E2371,0.9169433
E1916,0.6781187
E2741,0.3547765
E8618,0.8554871
E7951,0.8752432
E3454,0.99937975
E8698,0.83692116
E3153,0.9136596
E7165,0.6185206
E835,0.53369635
E925,0.7210361
E2162,0.7224291
E10572,0.7523894
E4295,0.86908334
E7666,0.36739132
E9626,0.92302847
E5341,0.54830503
E7870,0.51508886
E6031,0.88508916
E10784,0.569323
E1066,0.52047807
E390,0.4971846
E1744,0.79937166
E3944,0.55036426
E4420,0.6500161
E6774,0.82090425
E3333,0.9315714
E2080,0.8850801
E6798,0.7041644
E2876,0.86227137
E8473,0.6978887
E7980,0.86160034
E6451,0.47514644
E10625,0.47193128
E10404,0.5255451
E3818,0.51863384
E641,0.8867232
E3521,0.87003756
E6791,0.43614143
E7837,0.35203528
E964,0.8084484
E4499,0.45842734
E6741,0.8809556
E8033,0.88888955
E10190,0.85567796
E5500,0.7110693
E9885,0.63906187
E10739,0.3610612
E54,0.4265921
E9121,0.27154812
E10242,0.5128716
E2863,0.66355115
E3366,0.8109736
E1730,0.5403515
E4710,0.42132574
E4454,0.47219896
E3835,0.98659956
E2722,0.83565396
E227,0.43920517
E1913,0.76139045
E7587,0.5393054
E9215,0.45202827
E8666,0.51898813
E7866,0.40048394
E5693,0.7864552
E6546,0.9241676
E10069,0.8205024
E8122,0.42653486
E2161,0.38368487
E1099,0.32826513
E2627,0.98903453
E7176,0.34715664
E4811,0.6444204
E2005,0.40918976
E7642,0.5136346
E3224,0.2947566
E1517,0.3160949
E4156,0.76103854
E5816,0.53294504
E7012,0.74546045
E3769,0.7936635
E1195,0.96326756
E8711,0.86950314
E5781,0.47860956
E4899,0.34187448
E1126,0.7329541
E2407,0.61948705
E5523,0.8241355
E6883,0.7291778
E5331,0.46135655
E6111,0.81714606
E993,0.4454002
E4847,0.89636475
E8029,0.49653816
E3892,0.8644271
E5925,0.60857224
E6201,0.9501033
E6379,0.3996624
E7398,0.45486385
E5112,0.9833958
E10550,0.5865561
E860,0.5126402
E888,0.92465574
E5672,0.8790786
E7826,0.95841306
E952,0.9646766
E572,0.7830491
E7557,0.7992185
E4370,0.40760878
E3214,0.61812794
E2112,0.25227514
E270,0.8154667
E10221,0.7981537
E1570,0.8769964
E1140,0.32674485
E4962,0.96734047
E2640,0.40535673
E4664,0.82139707
E9989,0.7238619
E1592,0.30713442
E9150,0.7201596
E9492,0.2715432
E10315,0.6967117
E9214,0.68777347
E2500,0.82007766
E529,0.6493841
E8247,0.919001
E8562,0.5225849
E1153,0.44958034
E7114,0.61267865
E9870,0.43044567
E7407,0.7288136
E5037,0.9213223
E2014,0.47495022
E983,0.8410686
E7716,0.38433316
E709,0.83710855
E202,0.55471706
E449,0.8949903
E4029,0.68574363
E1022,0.23020865
E5225,0.77735454
E766,0.68899107
E1593,0.42673612
E6428,0.50849396
E3643,0.6858171
E6347,0.7779495
E4984,0.8287455
E6802,0.43554333
E9519,0.59198606
E4622,0.7845836
E621,0.37623897
E9408,0.4873095
E6737,0.6893863
E1040,0.45158088
E6196,0.7480984
E2251,0.56749827
E5319,0.77213526
E1166,0.9242544
E991,0.8731456
E5834,0.7680474
E9667,0.5406638
E363,0.30634683
E6487,0.3575847
E474,0.39155635
E9127,0.8787105
E10705,0.8030749
E4409,0.35582593
E6125,0.35466725
E9276,0.5910434
E10196,0.4155295
E6134,0.63914573
E9982,0.59569025
E134,0.8618312
E10686,0.8263554
E9665,0.4506687
E1582,0.5423351
E5273,0.5308037
E7670,0.9579466
E2023,0.50367504
E10412,0.9557629
E1628,0.89516085
E1103,0.5108301
E5436,0.4331372
E9773,0.8061422
E8517,0.40883496
E1386,0.51391804
E4319,0.3410443
E263,0.45399788
E5465,0.7634815
E5850,0.7161914
E788,0.84302634
E5537,0.55032355
E143,0.32188177
E10066,0.83812964
E213,0.90330017
E9247,0.5106476
E7962,0.84690946
E2325,0.9612037
E7097,0.9446402
E10049,0.5168164
E8989,0.9267746
E10209,0.953599
E793,0.940751
E2456,0.83047163
E6048,0.95908785
E5067,0.38348314
E1373,0.8561254
E1076,0.7703757
E5751,0.5458425
E10843,0.48598403
E10772,0.798556
E1183,0.84494084
E4891,0.78368175
E4157,0.8809011
E592,0.35138738
E10215,0.570269
E3033,0.37016204
E333,0.6742589
E9420,0.9365437
E4252,0.404753
E5798,0.3418679
E8732,0.8179987
E5272,0.5497383
E104,0.7950885
E6279,0.6205965
E3978,0.7172775
E2527,0.45154893
E2824,0.40032926
E9268,0.45153227
E1784,0.39385793
E3862,0.3665281
E7945,0.4480912
E1885,0.74083984
E5778,0.7888782
E4131,0.30889717
E9156,0.60020584
E9109,0.6708644
E10096,0.37880024
E818,0.3568229
E8216,0.6309531
E7212,0.92248917
E3858,0.34064806
E5543,0.90417504
E3375,0.9448792
E7422,0.8177628
E10445,0.9211205
E2025,0.72227854
E1936,0.56693465
E9571,0.67712104
E177,0.3946378
E80,0.6167867
E729,0.8377974
E10566,0.28001526
E9050,0.4969522
E1237,0.786029
E8168,0.70947605
E88,0.5792747
E8641,0.46178326
E4754,0.56617177
E9676,0.792119
E7070,0.7769622
E9916,0.80073506
E7593,0.5282371
E10807,0.90306103
E2563,0.25158262
E8841,0.719954
E9914,0.45677516
E2259,0.41394702
E5128,0.43117025
E4139,0.5427108
E6066,0.5653753
E583,0.9376581
E1006,0.5363373
E10156,0.71533406
E5372,0.7734119
E5676,0.5401422
E9349,0.93005306
E5010,0.7952595
E2351,0.6830098
E1675,0.7122454
E9595,0.760111
E3940,0.759443
E5677,0.9150093
E6195,0.7333508
E9926,0.20362474
E2473,0.79341024
E9637,0.5781809
E8617,0.47006717
E567,0.77834886
E5509,0.41352156
E8367,0.39152756
E6995,0.20482948
E4493,0.40178773
E1336,0.88828987
E2135,0.3673983
E8183,0.9736569
E1927,0.6651974
E1333,0.5429362
E6653,0.85107595
E7364,0.31190547
E9775,0.67622995
E7222,0.7113834
E8869,0.30046725
E2851,0.4962594
E5110,0.5081348
E1867,0.3291772
E8910,0.99006444
E4704,0.8703638
E10261,0.8208015
E8186,0.9150072
E6438,0.8630037
E7624,0.52727765
E8031,0.69316065
E6039,0.7185495
E7509,0.5147247
E10388,0.9419823
E4478,0.47492027
E6514,0.574505
E4782,0.24429387
E5983,0.5923291
E4299,0.64498013
E3824,0.34212258
E1422,0.40993324
E5533,0.5380932
E2687,0.85587746
E755,0.8703793
E785,0.6798788
E2298,0.8260657
E656,0.7539518
E8426,0.93659556
E6060,0.94378996
E5658,0.41545293
E2979,0.8521855
E5019,0.45997185
E5840,0.73593307
E6537,0.53822714
E6227,0.31792182
E1977,0.93959445
E1866,0.8712732
E338,0.9149791
E1468,0.9913852
E8845,0.40204278
E7482,0.51917064
E2892,0.23516077
E8286,0.7323395
E1241,0.2843999
E8538,0.22328049
E7454,0.4605074
E9345,0.6268966
E7282,0.31572604
E4731,0.40438548
E6921,0.35243452
E3439,0.88570356
E6092,0.43920407
E2392,0.90960556
E4012,0.842007
E3208,0.7421155
E2530,0.8910916
E593,0.5991196
E4456,0.923701
E9580,0.9381972
E6890,0.65342456
E5323,0.30009434
E7424,0.7141211
E6270,0.88467205
E1396,0.7291935
E6421,0.72046906
E9789,0.88024086
E7036,0.884373
E1886,0.87555206
E4167,0.8777033
E10502,0.45109648
E8237,0.6741288
E1714,0.68631136
E2548,0.48846632
E2261,0.89097404
E1450,0.48396668
E2840,0.64470863
E8028,0.9086133
E2975,0.86097884
E7216,0.46303403
E4678,0.47606823
E1667,0.9740625
E2685,0.38075858
E3926,0.4484136
E4432,0.9571609
E7219,0.8606649
E8479,0.18727887
E3093,0.99067336
E10055,0.44431818
E1454,0.77453023
E524,0.45064932
E8745,0.70495933
E6740,0.40686956
E6695,0.3941543
E315,0.79671973
E6526,0.9636905
E2271,0.74571395
E2281,0.4273656
E5086,0.88097435
E5896,0.8645956
E852,0.92361057
E2498,0.7874471
E6783,0.62115484
E6173,0.9071348
E5865,0.47945797
E10580,0.5794735
E1753,0.63021195
E6818,0.34693304
E9845,0.67631364
E2550,0.52259564
E3390,0.82129407
E5219,0.9670032
E2995,0.7472955
E419,0.8315034
E6481,0.51401675
E4049,0.9062587
E1693,0.4797957
E4519,0.34442297
E105,0.7751954
E9421,0.4057094
E8039,0.91439736
E2665,0.4946009
E1016,0.7162655
E6632,0.5277925
E10444,0.37313747
E6529,0.8472688
E8953,0.53289837
E5964,0.4698058
E5078,0.86361617
E10056,0.9876747
E28,0.49891979
E10653,0.7016182
E4007,0.46253082
E4764,0.5992106
E5409,0.36387655
E5986,0.42879796
E2452,0.73544085
E5153,0.40605405
E6332,0.39948645
E1921,0.8290397
E7069,0.70608985
E8933,0.28589183
E6739,0.71562016
E8090,0.8874486
E7885,0.94244766
E10013,0.9027209
E3714,0.7365299
E3059,0.49514917
E8044,0.457193
E6177,0.28273457
E7242,0.39275753
E5663,0.3842065
E1612,0.7887028
E2818,0.8929733
E6361,0.91033286
E3605,0.44308943
E3722,0.7383107
E4989,0.61112
E7652,0.5808665
E9577,0.8074209
E9696,0.51177603
E3011,0.62818426
E9772,0.3483813
E9551,0.80911976
E10318,0.8455426
E8491,0.39046812
E5611,0.84005404
E6712,0.85930616
E10483,0.90661377
E7848,0.49706817
E8418,0.8877993
E9360,0.84790283
E8512,0.81469285
E8389,0.8179402
E8076,0.88757086
E721,0.73233634
E3727,0.8109112
E7862,0.8009837
E7400,0.8450749
E4806,0.8704476
E1823,0.918787
E7611,0.7420558
E9180,0.549868
E9798,0.3876313
E9539,0.56754863
E2069,0.5095373
E5354,0.8034072
E8567,0.80088127
E6209,0.44675434
E2239,0.90132344
E5715,0.71217024
E8128,0.95277995
E2007,0.899199
E5586,0.56583077
E975,0.5200716
E1503,0.4321781
E291,0.87580425
E7307,0.40506312
E7957,0.38992935
E9730,0.8171374
E10356,0.68175757
E9047,0.96611184
E1440,0.4609558
E337,0.8931114
E1158,0.64673984
E3742,0.6663458
E2819,0.8884801
E6176,0.519914
E1263,0.9640642
E4668,0.48365027
E8341,0.5655483
E2638,0.59786916
E3990,0.7376929
E1221,0.4711556
E9027,0.56563836
E1873,0.4539468
E5030,0.5613935
E2507,0.7252567
E10158,0.66119766
E6666,0.5213621
E5541,0.56531554
E312,0.71654195
E1724,0.13681343
E316,0.5511651
E9908,0.4171731
E5350,0.8666112
E9364,0.42765468
E4624,0.9514611
E6498,0.52495813
E1105,0.89432555
E9622,0.52966875
E2822,0.46347022
E6723,0.8625064
E3311,0.51307046
E7082,0.8214319
E4895,0.407048
E3308,0.8477283
E663,0.63319355
E7931,0.50881195
E9578,0.51330125
E6307,0.58168054
E10728,0.9078305
E7591,0.69078004
E759,0.45065522
E628,0.7392806
E1366,0.6804726
E3077,0.56861675
E2348,0.4956974
E6925,0.8562287
E7708,0.43215257
E7333,0.90855026
E7784,0.98567957
E7756,0.67555475
E10363,0.5559715
E4656,0.8742664
E2775,0.44480187
E9731,0.8992594
E4513,0.34804723
E7028,0.73891187
E1536,0.68053204
E5289,0.7554579
E9872,0.5651552
E10079,0.42035756
E418,0.6579386
E1400,0.8200001
E7081,0.49529997
E2935,0.5489489
E1710,0.6331569
E7794,0.9294118
E2415,0.86404514
E6825,0.9315129
E4688,0.9300903
E8434,0.5781809
E6465,0.5552149
E4140,0.50712466
E2781,0.98572195
E4192,0.72941685
E1361,0.41968825
E7500,0.4161885
E9157,0.61698234
E9042,0.9014911
E8613,0.39913365
E9847,0.7969
E98,0.819383
E1150,0.89406693
E2019,0.8197481
E10026,0.6181187
E3831,0.84196717
E937,0.75944895
E2954,0.8113543
E5237,0.86978984
E10682,0.8968099
E10753,0.6813482
E2302,0.526797
E6710,0.91815054
E1902,0.71385366
E861,0.5557421
E1004,0.5891382
E1523,0.9531484
E4084,0.799813
E1735,0.6808667
E1371,0.3457922
E9651,0.8703048
E9294,0.8567508
E5852,0.68205845
E6295,0.84188956
E5361,0.86146426
E7205,0.86712533
E4269,0.9969171
E9426,0.833507
E9075,0.26405483
E5489,0.43018362
E4598,0.33858645
E9036,0.5263042
E3609,0.4332308
E1134,0.44824964
E5023,0.9103054
E4560,0.47849038
E7588,0.64961255
E4735,0.37118214
E5070,0.900836
E8709,0.7873586
E10556,0.45650223
E4793,0.85053825
E5,0.99048537
E7590,0.7281437
E3894,0.87688404
E9804,0.6283861
E8521,0.8736708
E9407,0.6542692
E9161,0.3401586
E5946,0.9357587
E8773,0.68321824
E8839,0.46009567
E10446,0.89372534
E5024,0.97746927
E9538,0.7041367
E5973,0.5224985
E3569,0.7351374
E3893,0.4156404
E8404,0.589356
E6675,0.63170815
E4276,0.5942017
E5770,0.9644921
E989,0.74353343
E1670,0.78034276
E10481,0.45361736
E10587,0.918932
E6658,0.9154428
E7370,0.7063164
E7188,0.43590206
E5167,0.6757108
E1791,0.5530488
E5501,0.9747507
E4554,0.82566
E2556,0.7915437
E1349,0.45775414
E6906,0.8415138
E7445,0.27192724
E455,0.37519696
E5837,0.38422474
E10112,0.864688
E351,0.41203803
E5330,0.5633881
E7703,0.83651555
E7766,0.43088064
E1725,0.7532807
E8209,0.32537022
E2992,0.76963603
E6931,0.93695945
E684,0.5474008
E3302,0.85971975
E503,0.9294683
E5152,0.46619597
E209,0.59352875
E9,0.71838796
E4226,0.8282066
E7933,0.55910707
E6243,0.39828873
E5694,0.96152705
E9566,0.50847006
E5394,0.30632564
E2356,0.29505554
E5007,0.5906462
E3118,0.8959306
E6484,0.3622015
E9045,0.911479
E10320,0.6378165
E2443,0.7765892
E3223,0.8246447
E6179,0.28144103
E1186,0.50997305
E9694,0.7296839
E10451,0.9780757
E4862,0.44147855
E10532,0.67490363
E10820,0.994296
E3231,0.44421333
E8322,0.46557274
E3075,0.53827685
E2565,0.42633238
E2114,0.5175746
E7087,0.26942977
E5339,0.5899721
E8786,0.80504286
E2505,0.5562698
E3232,0.62437874
E5399,0.43007633
E498,0.49426934
E1507,0.4919401
E6607,0.4435231
E4933,0.43931577
E4701,0.883669
E87,0.92042834
E1220,0.88527364
E10810,0.55251485
E5412,0.9937046
E2714,0.3791492
E2672,0.7643526
E10608,0.43848062
E1542,0.91782254
E7776,0.5017073
E4404,0.91658634
E10351,0.54984725
E8096,0.67907107
E2202,0.81912446
E5044,0.853598
E10497,0.32903996
E3863,0.60995895
E8976,0.30962867
E4136,0.9997875
E3682,0.8831257
E2762,0.60243773
E10707,0.8729711
E8167,0.8292475
E2879,0.54723114
E1013,0.96807
E761,0.91011155
E3181,0.65201443
E2391,0.7288673
E9255,0.5583529
E9657,0.3855597
E3828,0.44345108
E8897,0.9450049
E8300,0.53593993
E8595,0.8470905
E3812,0.55454123
E8673,0.43936914
E7262,0.4799292
E6185,0.34173933
E5519,0.6637287
E6991,0.8137274
E10732,0.7680296
E10744,0.4077024
E10354,0.84226304
E9631,0.5701102
E2126,0.7745186
E3878,0.9642704
E5182,0.70721835
E6901,0.5317277
E1341,0.8618821
E8972,0.5533278
E9184,0.692595
E6787,0.72710276
E3460,0.7727802
E5371,0.42631012
E2753,0.40297383
E6764,0.7730081
E7829,0.57958275
E6971,0.9243707
E8075,0.5237625
E9060,0.38389805
E3044,0.64828825
E2491,0.865835
E8760,0.92998534
E7243,0.5129748
E3775,0.8264122
E7388,0.8361527
E3171,0.8423335
E10019,0.8445878
E9829,0.37153354
E5068,0.7890851
E9600,0.52412826
E4836,0.38724777
E8544,0.6977
E5696,0.4966727
E1900,0.6727712
E9351,0.51874685
E5646,0.43912175
E10553,0.37337983
E6457,0.9005528
E7709,0.9030412
E8930,0.54648817
E8492,0.75719696
E5065,0.7687409
E5264,0.35269755
E9257,0.88698375
E2441,0.7765711
E10391,0.6999467
E10779,0.46266684
E4874,0.8366045
E7217,0.503067
E8260,0.26333115
E7730,0.7749507
E10244,0.43540686
E10098,0.7401207
E7376,0.88298965
E3733,0.4141318
E4936,0.8922893
E703,0.6069595
E1146,0.42193168
E8608,0.6204798
E6665,0.9800024
E4259,0.21729292
E1031,0.36827397
E2986,0.66262954
E478,0.3411309
E3470,0.86999965
E5241,0.570968
E9980,0.61970115
E10720,0.9548102
E8746,0.88867474
E2509,0.7429402
E7096,0.33800068
E504,0.46943697
E9719,0.51024264
E708,0.6674602
E2732,0.7272865
E9069,0.5775642
E3780,0.8642966
E6616,0.52186596
E1356,0.45235
E2467,0.3883002
E3350,0.92125064
E8686,0.8285906
E3888,0.20393099
E6509,0.5108714
E6167,0.75195086
E6749,0.41392368
E3624,0.9455626
E2398,0.67178243
E6282,0.8169735
E5636,0.75830454
E5675,0.70447147
E5884,0.42302638
E9905,0.99123657
E9754,0.7444594
E10007,0.8325674
E8716,0.49323028
E5960,0.92909026
E1229,0.9723474
E1545,0.47160852
E6858,0.83684415
E2199,0.6544495
E6108,0.39206055
E178,0.9545752
E987,0.4657454
E10084,0.38608944
E1797,0.96497494
E7531,0.51033616
E6490,0.17907545
E1419,0.3892997
E10257,0.71264434
E5115,0.5470878
E1512,0.8198858
E1864,0.4416712
E9561,0.5169495
E555,0.96964914
E2966,0.6220026
E4663,0.6165055
E558,0.7914308
E5238,0.4426605
E4134,0.7893206
E3483,0.5391011
E2234,0.53693545
E1391,0.8326965
E2064,0.52872324
E6152,0.9805146
E7493,0.9168068
E7853,0.9997725
E673,0.9188098
E2634,0.68603027
E6388,0.6186893
E2260,0.9326014
E7515,0.9020308
E6049,0.67943543
E9587,0.80406696
E58,0.9485713
E8124,0.5148562
E2474,0.69795305
E5299,0.41005772
E3169,0.9680665
E2003,0.4973078
E352,0.9216085
E3925,0.6827757
E5430,0.633958
E4981,0.5241553
E5488,0.80931973
E5968,0.78398967
E5951,0.7635148
E3590,0.8292184
E149,0.25873238
E1700,0.7099259
E2777,0.59887874
E4520,0.8556045
E7947,0.6270244
E2513,0.56880987
E4145,0.93441576
E8292,0.37278917
E2307,0.79229194
E4872,0.947068
E1922,0.5836336
E2631,0.5347601
E9736,0.4902668
E9341,0.8688162
E10856,0.24748272
E1950,0.32463866
E3752,0.62224895
E10029,0.7228163
E9508,0.6964161
E9165,0.9278262
E10425,0.9000998
E833,0.4305317
E4118,0.45233902
E249,0.8237247
E2681,0.3906154
E10042,0.67753476
E4110,0.7675055
E6474,0.7458406
E7255,0.98954153
E4747,0.89397603
E5476,0.9259628
E6246,0.4398373
E1952,0.8770987
E7608,0.8629175
E35,0.92301106
E6247,0.6888588
E4779,0.5357186
E10711,0.89918256
E6803,0.7802906
E2531,0.93781877
E2982,0.8280174
E7421,0.54530096
E6663,0.71379226
E1042,0.4087636
E5801,0.8832627
E6358,0.7567972
E6304,0.8786745
E8796,0.61743575
E7486,0.4044552
E6795,0.7834776
E6900,0.35609987
E5222,0.5478173
E6777,0.48560297
E6406,0.40811116
E9944,0.43372968
E7512,0.5096214
E5635,0.4936979
E142,0.6368061
E4287,0.6678554
E7991,0.4515865
E1750,0.6826146
E175,0.46347755
E1699,0.5667337
E1315,0.5573072
E1376,0.7864023
E389,0.54632205
E8553,0.51097935
E6088,0.76385725
E8001,0.84544814
E5472,0.6904651
E4323,0.69037306
E8254,0.8601181
E6788,0.7293713
E2853,0.4196487
E10563,0.54077077
E8197,0.3676878
E5093,0.662596
E2882,0.2920779
E5004,0.39115363
E10636,0.4369383
E8275,0.8152707
E9097,0.37661618
E1421,0.532467
E702,0.59558165
E9941,0.48642057
E978,0.9259171
E5226,0.78570575
E8257,0.58314645
E5035,0.39327562
E3455,0.39324316
E5912,0.5685103
E8840,0.39723197
E2917,0.8037347
E458,0.6085036
E6570,0.97671753
E9166,0.7469716
E7767,0.6240752
E3095,0.74889153
E9107,0.92898446
E10189,0.44501466
E1285,0.7672055
E1505,0.7377247
E6664,0.77241033
E936,0.53196025
E4727,0.53057677
E7507,0.3586595
E928,0.95726216
E4699,0.8897504
E6231,0.6552262
E5447,0.75800526
E2175,0.6548292
E7526,0.77926254
E1805,0.48422077
E5888,0.4682281
E10132,0.6969707
E6597,0.87973523
E4998,0.79435146
E5664,0.7742139
E3542,0.6746403
E9128,0.86940575
E9194,0.9439583
E10168,0.5742625
E6337,0.7775603
E2479,0.8964682
E3253,0.4897138
E1037,0.41606995
E4485,0.961515
E665,0.5650023
E8165,0.70341086
E1499,0.92815703
E10038,0.8800294
E10071,0.60285836
E859,0.83422387
E3983,0.8807694
E9866,0.9298307
E3167,0.74179566
E9765,0.8037063
E6455,0.7776526
E6999,0.5656237
E8340,0.5739443
E5906,0.4679832
E8047,0.8632333
E2796,0.59936446
E7483,0.82573706
E5952,0.33084613
E883,0.4011158
E41,0.7179056
E1906,0.7170566
E1573,0.8205692
E2289,0.7227597
E8668,0.5759607
E1981,0.61364186
E9783,0.9038863
E7123,0.9239369
E5066,0.7787497
E1034,0.89040065
E1329,0.44797266
E3839,0.7835033
E5126,0.3524327
E5875,0.6168828
E4314,0.9181889
E8270,0.7748061
E10022,0.6476221
E4410,0.9320332
E8996,0.45321783
E2730,0.7186977
E3937,0.63301784
E8758,0.53659976
E4732,0.47455075
E8774,0.86240834
E10383,0.6748478
E1749,0.47603086
E8685,0.74402606
E1878,0.89494866
E5610,0.49992085
E3479,0.8636362
E8779,0.90762943
E2856,0.94191086
E5898,0.47980344
E322,0.88411885
E550,0.66862327
E4230,0.71489775
E534,0.68010986
E5288,0.71077794
E4816,0.92248917
E10200,0.8306032
E10182,0.7588773
E9200,0.5156317
E804,0.43424457
E9983,0.88213176
E7683,0.8297824
E9948,0.38842285
E5687,0.88311017
E6837,0.9073989
E9495,0.75875235
E1852,0.54434586
E2913,0.34591776
E7241,0.5500569
E1679,0.60635006
E10397,0.5054608
E8214,0.36221886
E8326,0.45331714
E8713,0.89393115
E4949,0.9011717
E7334,0.70365125
E237,0.84497654
E1918,0.93556917
E1747,0.67622036
E515,0.68298495
E5570,0.3009562
E5927,0.32223928
E5418,0.744878
E5883,0.5815258
E4097,0.8463094
E770,0.91905606
E4881,0.47331858
E10700,0.7893118
E1253,0.32622197
E4858,0.35627365
E2116,0.9145772
E10281,0.6430265
E8979,0.87098
E8912,0.7106947
E1377,0.7058733
E7326,0.5978266
E7944,0.7694189
E3503,0.5185183
E7013,0.97135645
E8921,0.2461175
E6351,0.96181685
E1136,0.7749543
E4206,0.33345821
E8689,0.91499
E5121,0.42440313
E8475,0.2186637
E10747,0.90218467
E4868,0.43027493
E8394,0.359771
E1569,0.6729147
E5427,0.9014851
E10032,0.8652524
E1998,0.7337145
E26,0.3944725
E4266,0.47753873
E8091,0.7613808
E5857,0.33705178
E10062,0.5402028
E10127,0.40235567
E9267,0.46749464
E2664,0.5736674
E1045,0.46296626
E10330,0.6926032
E2909,0.53704494
E778,0.663924
E9962,0.88565135
E5166,0.5000013
E2449,0.3506473
E9491,0.8522823
E7761,0.5541484
E2539,0.45916438
E7304,0.78069425
E6145,0.513484
E9066,0.4502533
E7993,0.441693
E1794,0.68970424
E3980,0.8727169
E2524,0.35501093
E4324,0.3980476
E1384,0.8800356
E7582,0.9336277
E5209,0.4621792
